startTime_s,endTime_s,duration_s,eventType,severity
1.9999,2.6999,0.7,SAG,106.130195717481
4.9999,5.5999,0.600000000000001,SWELL,144.079615692138
7.1699,7.2799,0.110000000000001,SWELL,202.907818653122
